{
    "gen_theta": [
        2.1961912602516445,
        0.07722519718841697,
        1.1333546404402364
    ],
    "len_sequence": 500,
    "ncl": 4,
    "k": 2
}