{
    "gen_transition_matrix": [
        [
            0.4,
            0.3,
            0.2,
            0.1
        ],
        [
            0.1,
            0.7,
            0.1,
            0.1
        ],
        [
            0.15,
            0.15,
            0.4,
            0.3
        ],
        [
            0.3,
            0.15,
            0.15,
            0.4
        ]
    ],
    "start_transition_matrix": [
        [
            0.35766901,
            0.19469946,
            0.33753688,
            0.11009465
        ],
        [
            0.1457671,
            0.5914749,
            0.175172,
            0.087586
        ],
        [
            0.29928881,
            0.11701788,
            0.31136717,
            0.27232615
        ],
        [
            0.21261512,
            0.1400294,
            0.11754035,
            0.52981513
        ]
    ],
    "10": {
        "training_time": 2.479952812194824,
        "gen_model_likelihood": -21277.110489719264,
        "init_model_likelihood": -21277.5937956616,
        "trained_model_likelihood": -21276.95516297569,
        "trained_theta": [
            0.33337931925032316,
            0.17928397034191246,
            0.30765614156207943,
            0.1360621683888521,
            0.6856474313891421,
            0.1703713583430706,
            0.35272895171435814,
            0.1510583477168892,
            0.37216988638845416,
            0.1928862956327857,
            0.09449883164879225,
            0.11309915762037856
        ]
    },
    "100": {
        "training_time": 15.553699016571045,
        "gen_model_likelihood": -212651.62499240696,
        "init_model_likelihood": -212653.34387838488,
        "trained_model_likelihood": -212650.55143260123,
        "trained_theta": [
            0.39054200757185886,
            0.1977674338569747,
            0.3388496638914922,
            0.1385427118050071,
            0.6109987564511399,
            0.15324301591138512,
            0.2184336507477811,
            0.10543009987738716,
            0.31680703208194927,
            0.36319896844073707,
            0.0836174268059312,
            0.13138631471847795
        ]
    }
}