{
    "gen_theta": [
        0.4,
        0.3,
        0.2,
        0.1,
        0.7,
        0.1,
        0.15,
        0.15,
        0.4,
        0.3,
        0.15,
        0.15
    ],
    "start_theta": [
        0.35766901,
        0.19469946,
        0.33753688,
        0.1457671,
        0.5914749,
        0.175172,
        0.29928881,
        0.11701788,
        0.31136717,
        0.21261512,
        0.1400294,
        0.11754035
    ],
    "10": {
        "training_time": 3.8407511711120605,
        "gen_model_likelihood": -21273.87066488858,
        "init_model_likelihood": -21275.03192294867,
        "trained_model_likelihood": -21273.41134436466,
        "trained_theta": [
            0.4348629313596204,
            0.21153020337265901,
            0.35299480613866574,
            0.18463263872335597,
            0.6332721834809403,
            0.15694888360186077,
            0.3193272645936866,
            0.11876058063390767,
            0.26492488369319556,
            0.14827962308657328,
            0.12336301029880412,
            0.11064968737559926
        ]
    },
    "100": {
        "training_time": 14.465807676315308,
        "gen_model_likelihood": -212332.15499488014,
        "init_model_likelihood": -212335.2636426606,
        "trained_model_likelihood": -212331.28763862225,
        "trained_theta": [
            0.3192801335159955,
            0.17455868175592432,
            0.33907131350231284,
            0.11005541728026402,
            0.7066340730290858,
            0.18255817456220907,
            0.3299982826529808,
            0.11855991800177929,
            0.35480436142202176,
            0.21301078707898385,
            0.13005346038665305,
            0.12122768709128928
        ]
    },
    "1000": {
        "training_time": 121.270348072052,
        "gen_model_likelihood": -2124580.565424049,
        "init_model_likelihood": -2124640.8625335773,
        "trained_model_likelihood": -2124580.1542319567,
        "trained_theta": [
            0.3822274852958726,
            0.19449260726082995,
            0.3475671548053013,
            0.14594120589045595,
            0.6334205295521207,
            0.1670047247298475,
            0.32806371804632006,
            0.12079831045218345,
            0.2771466114952357,
            0.22138266743068824,
            0.13544748185647337,
            0.11365145980758765
        ]
    }
}