{
    "gen_theta": [
        0.4,
        0.3,
        0.2,
        0.1,
        0.7,
        0.1,
        0.15,
        0.15,
        0.4,
        0.3,
        0.15,
        0.15
    ],
    "start_theta": [
        0.35766901,
        0.19469946,
        0.33753688,
        0.1457671,
        0.5914749,
        0.175172,
        0.29928881,
        0.11701788,
        0.31136717,
        0.21261512,
        0.1400294,
        0.11754035
    ],
    "start_mse": 0.007611630894586863,
    "10": {
        "training_time": 3.83882212638855,
        "gen_model_likelihood": -21959.178361501214,
        "init_model_likelihood": -21965.47893712564,
        "trained_model_likelihood": -21956.117648157786,
        "trained_mse": 0.004560601736839558,
        "trained_theta": [
            0.4880797363426256,
            0.21671485371180532,
            0.21720969002912238,
            0.15244217532576926,
            0.5832297419769483,
            0.17991259741727983,
            0.1755946645365284,
            0.11020523746989744,
            0.30597509523492517,
            0.24931410079559302,
            0.18228490264562747,
            0.10231010886512976
        ]
    }
}