{
    "gen_theta": [
        0.4,
        0.3,
        0.2,
        0.1,
        0.7,
        0.1,
        0.15,
        0.15,
        0.4,
        0.3,
        0.15,
        0.15
    ],
    "start_theta": [
        0.35766901,
        0.19469946,
        0.33753688,
        0.1457671,
        0.5914749,
        0.175172,
        0.29928881,
        0.11701788,
        0.31136717,
        0.21261512,
        0.1400294,
        0.11754035
    ],
    "10": {
        "training_time": 3.8584272861480713,
        "gen_model_likelihood": -21243.459381756657,
        "init_model_likelihood": -21243.04152130356,
        "trained_model_likelihood": -21242.85231356997,
        "trained_theta": [
            0.21392149054253454,
            0.10530922566002834,
            0.305535230955183,
            0.1528183974607593,
            0.5594972965877175,
            0.14033181844327064,
            0.4518408156343069,
            0.15411557515906024,
            0.3244221855558378,
            0.3092221583118137,
            0.19360146985918517,
            0.09196454025888656
        ]
    },
    "100": {
        "training_time": 14.530470132827759,
        "gen_model_likelihood": -212686.5727584892,
        "init_model_likelihood": -212689.04077281128,
        "trained_model_likelihood": -212685.52088889515,
        "trained_theta": [
            0.3921869075524743,
            0.2146956491276108,
            0.389758567422819,
            0.14968255733356362,
            0.5916605351491541,
            0.17766195958386052,
            0.3330885046005788,
            0.11556628033723139,
            0.36942098717608984,
            0.14644615934180416,
            0.10631339566684755,
            0.11280166711909215
        ]
    }
}