{
    "gen_theta": [
        0.4,
        0.3,
        0.2,
        0.1,
        0.7,
        0.1,
        0.15,
        0.15,
        0.4,
        0.3,
        0.15,
        0.15
    ],
    "start_theta": [
        0.35766901,
        0.19469946,
        0.33753688,
        0.1457671,
        0.5914749,
        0.175172,
        0.29928881,
        0.11701788,
        0.31136717,
        0.21261512,
        0.1400294,
        0.11754035
    ],
    "start_mse": 0.007611630894586863,
    "10": {
        "training_time": 19.10567307472229,
        "gen_model_likelihood": -21929.261267236907,
        "init_model_likelihood": -21932.26331834107,
        "trained_model_likelihood": -21929.184822280407,
        "trained_mse": 0.007227913258249233,
        "trained_theta": [
            0.3700901144599597,
            0.18293134130609706,
            0.3475757979541707,
            0.16502353488086058,
            0.6598738157843447,
            0.17496134651605164,
            0.29748654355017257,
            0.10615293086847528,
            0.3249067991380587,
            0.2122047059797446,
            0.12936609647945768,
            0.11189894759891386
        ]
    },
    "100": {
        "training_time": 31.788109064102173,
        "gen_model_likelihood": -219416.28866612242,
        "init_model_likelihood": -219443.97081604155,
        "trained_model_likelihood": -219416.21961938133,
        "trained_mse": 0.009141118048820692,
        "trained_theta": [
            0.39668532207809437,
            0.22208036707644074,
            0.3555503396784734,
            0.15409254161698727,
            0.5927312338995661,
            0.14617794639698,
            0.32488634917655523,
            0.10911132027352366,
            0.2699507079794,
            0.19261257524051045,
            0.17256567977741621,
            0.1095172673733028
        ]
    },
    "1000": {
        "training_time": 144.7459397315979,
        "gen_model_likelihood": -2194001.7866636724,
        "init_model_likelihood": -2194290.5492028706,
        "trained_model_likelihood": -2194002.1519796466,
        "trained_mse": 0.007964144230475432,
        "trained_theta": [
            0.38059088842235833,
            0.202489395530692,
            0.3592419477134239,
            0.1434990847780011,
            0.6388231797592361,
            0.15841633701588959,
            0.31546229032746775,
            0.11125399094094285,
            0.2968913370655448,
            0.1983870282523581,
            0.15666775564103264,
            0.11259164514354741
        ]
    }
}