{
    "gen_theta": [
        0.4,
        0.3,
        0.2,
        0.1,
        0.7,
        0.1,
        0.15,
        0.15,
        0.4,
        0.3,
        0.15,
        0.15
    ],
    "start_theta": [
        0.35766901,
        0.19469946,
        0.33753688,
        0.1457671,
        0.5914749,
        0.175172,
        0.29928881,
        0.11701788,
        0.31136717,
        0.21261512,
        0.1400294,
        0.11754035
    ],
    "start_mse": 0.007611630894586863,
    "10": {
        "training_time": 3.071743965148926,
        "gen_model_likelihood": -21950.624142526238,
        "init_model_likelihood": -21951.744596765326,
        "trained_model_likelihood": -21948.236313101923,
        "trained_mse": 0.013757007833056145,
        "trained_theta": [
            0.25283580115172877,
            0.2633715366875379,
            0.479451459457228,
            0.10270497528165007,
            0.7114919218398634,
            0.17711119821012333,
            0.32723695730400315,
            0.12379681875837142,
            0.3601748879600509,
            0.16166489860873884,
            0.08624397791802102,
            0.11807045115948503
        ]
    },
    "100": {
        "training_time": 15.135149002075195,
        "gen_model_likelihood": -219874.073203533,
        "init_model_likelihood": -219918.2191147466,
        "trained_model_likelihood": -219873.14707814797,
        "trained_mse": 0.007132725986366651,
        "trained_theta": [
            0.3537657054911514,
            0.1942175350517043,
            0.3402563378428639,
            0.13833592081515678,
            0.6670475018519684,
            0.17112276664861256,
            0.32021557909721265,
            0.11235860858820723,
            0.30855324039543897,
            0.23215656645920318,
            0.14941912258643003,
            0.1097063614551732
        ]
    },
    "1000": {
        "training_time": 123.61994194984436,
        "gen_model_likelihood": -2198446.6801675083,
        "init_model_likelihood": -2198895.944502786,
        "trained_model_likelihood": -2198450.6019816543,
        "trained_mse": 0.005466556940137445,
        "trained_theta": [
            0.37500988517004386,
            0.19658456715506012,
            0.32200039995025365,
            0.13436209879735805,
            0.6789508919292633,
            0.1710773787728339,
            0.2754022749227534,
            0.10990920273526072,
            0.3001484429453878,
            0.2439677979840662,
            0.16778730267099978,
            0.10572603790106305
        ]
    }
}