{
    "gen_transition_matrix": [
        [
            0.4,
            0.3,
            0.2,
            0.1
        ],
        [
            0.1,
            0.7,
            0.1,
            0.1
        ],
        [
            0.15,
            0.15,
            0.4,
            0.3
        ],
        [
            0.3,
            0.15,
            0.15,
            0.4
        ]
    ],
    "start_transition_matrix": [
        [
            0.35766901,
            0.19469946,
            0.33753688,
            0.11009465
        ],
        [
            0.1457671,
            0.5914749,
            0.175172,
            0.087586
        ],
        [
            0.29928881,
            0.11701788,
            0.31136717,
            0.27232615
        ],
        [
            0.21261512,
            0.1400294,
            0.11754035,
            0.52981513
        ]
    ],
    "10": {
        "training_time": 0.4387366771697998,
        "gen_model_likelihood": -21232.34600742333,
        "init_model_likelihood": -21231.586771176437,
        "trained_model_likelihood": -21231.58935638007,
        "trained_theta": [
            0.35766901,
            0.19469946,
            0.33753688,
            0.1457671,
            0.5914749,
            0.175172,
            0.29928881,
            0.11701788,
            0.31136717,
            0.21261512,
            0.1400294,
            0.11754035
        ]
    },
    "100": {
        "training_time": 1.4306449890136719,
        "gen_model_likelihood": -212735.2725431718,
        "init_model_likelihood": -212739.2163720829,
        "trained_model_likelihood": -212737.32655881855,
        "trained_theta": [
            0.35766901,
            0.19469946,
            0.33753688,
            0.1457671,
            0.621048645,
            0.175172,
            0.29928881,
            0.11701788,
            0.31136717,
            0.21261512,
            0.1400294,
            0.11754035
        ]
    }
}