{
    "gen_theta": [
        0.4,
        0.3,
        0.2,
        0.1,
        0.7,
        0.1,
        0.15,
        0.15,
        0.4,
        0.3,
        0.15,
        0.15
    ],
    "start_theta": [
        0.35766901,
        0.19469946,
        0.33753688,
        0.1457671,
        0.5914749,
        0.175172,
        0.29928881,
        0.11701788,
        0.31136717,
        0.21261512,
        0.1400294,
        0.11754035
    ],
    "10": {
        "training_time": 3.9274725914001465,
        "gen_model_likelihood": -21178.29100388657,
        "init_model_likelihood": -21178.08399727502,
        "trained_model_likelihood": -21177.860477761184,
        "trained_theta": [
            0.3143258260282842,
            0.22702028000465824,
            0.4543732440018924,
            0.16694356454356696,
            0.6538813758492896,
            0.16868611157038826,
            0.3548664364076308,
            0.11169196294989364,
            0.29236431063963875,
            0.09986626498956869,
            0.12337622385559022,
            0.09560866988375821
        ]
    }
}