{
    "gen_theta": [
        0.4,
        0.3,
        0.2,
        0.1,
        0.7,
        0.1,
        0.15,
        0.15,
        0.4,
        0.3,
        0.15,
        0.15
    ],
    "start_theta": [
        0.35766901,
        0.19469946,
        0.33753688,
        0.1457671,
        0.5914749,
        0.175172,
        0.29928881,
        0.11701788,
        0.31136717,
        0.21261512,
        0.1400294,
        0.11754035
    ],
    "10": {
        "training_time": 3.1075146198272705,
        "gen_model_likelihood": -21244.943455094715,
        "init_model_likelihood": -21244.57995221547,
        "trained_model_likelihood": -21244.07155900458,
        "trained_theta": [
            0.18604756924486376,
            0.009832333855830794,
            0.3387134664861998,
            0.1725064306931801,
            0.674147863351092,
            0.14542434911936875,
            0.4155683508341901,
            0.1367640358943093,
            0.35699467152474273,
            0.31791719321689993,
            0.16520249210778382,
            0.10785636060752504
        ]
    },
    "100": {
        "training_time": 13.825705289840698,
        "gen_model_likelihood": -212681.15296914877,
        "init_model_likelihood": -212683.31078566308,
        "trained_model_likelihood": -212679.15269175783,
        "trained_theta": [
            0.41132099037055303,
            0.21855694919294066,
            0.36902888623721164,
            0.16360649353299792,
            0.5837311600436446,
            0.1818203078812592,
            0.3248839305824317,
            0.12469402245152426,
            0.3920760776750848,
            0.11494453561027973,
            0.09890217498101375,
            0.10810503823748996
        ]
    },
    "1000": {
        "training_time": 125.21416878700256,
        "gen_model_likelihood": -2128324.8756128466,
        "init_model_likelihood": -2128393.8208135217,
        "trained_model_likelihood": -2128325.661258907,
        "trained_theta": [
            0.3595767796001399,
            0.19677815011662814,
            0.36850534419560566,
            0.14122586218498862,
            0.6297478026216532,
            0.17550621877902794,
            0.34806173821955055,
            0.12659162535544632,
            0.21447378176982757,
            0.24027818661796208,
            0.1409550945132978,
            0.12591040584318686
        ]
    }
}