{
    "gen_transition_matrix": [
        [
            0.4,
            0.3,
            0.2,
            0.1
        ],
        [
            0.1,
            0.7,
            0.1,
            0.1
        ],
        [
            0.15,
            0.15,
            0.4,
            0.3
        ],
        [
            0.3,
            0.15,
            0.15,
            0.4
        ]
    ],
    "start_transition_matrix": [
        [
            0.35766901,
            0.19469946,
            0.33753688,
            0.11009465
        ],
        [
            0.1457671,
            0.5914749,
            0.175172,
            0.087586
        ],
        [
            0.29928881,
            0.11701788,
            0.31136717,
            0.27232615
        ],
        [
            0.21261512,
            0.1400294,
            0.11754035,
            0.52981513
        ]
    ],
    "10": {
        "training_time": 0.5036351680755615,
        "gen_model_likelihood": 15120.06846501002,
        "init_model_likelihood": 15120.23030852295,
        "trained_model_likelihood": 15120.293737657654,
        "trained_theta": [
            0.3621398726249999,
            0.19713320325000006,
            0.34175609100000004,
            0.1475891887500001,
            0.5323274099999997,
            0.17736164999999982,
            0.3030299201250001,
            0.11848060349999992,
            0.3152592596250001,
            0.215272809,
            0.1417797675,
            0.11900960437500005
        ]
    },
    "100": {
        "training_time": 1.2765917778015137,
        "gen_model_likelihood": 151685.28512774108,
        "init_model_likelihood": 151684.58992848912,
        "trained_model_likelihood": 151684.5873621036,
        "trained_theta": [
            0.35766901,
            0.19469946,
            0.33753688,
            0.1457671,
            0.621048645,
            0.175172,
            0.29928881,
            0.11701788,
            0.31136717,
            0.21261512,
            0.1400294,
            0.11754035
        ]
    }
}