{
    "gen_theta": [
        0.4,
        0.3,
        0.2,
        0.1,
        0.7,
        0.1,
        0.15,
        0.15,
        0.4,
        0.3,
        0.15,
        0.15
    ],
    "start_theta": [
        0.25,
        0.25,
        0.25,
        0.25,
        0.25,
        0.25,
        0.25,
        0.25,
        0.25,
        0.25,
        0.25,
        0.25
    ],
    "start_mse": 0.028333333333333335,
    "10": {
        "training_time": 26.737324953079224,
        "gen_model_likelihood": -22058.596266950477,
        "init_model_likelihood": -22131.206802435343,
        "trained_model_likelihood": -22058.831530363077,
        "trained_mse": 0.02762617547640657,
        "trained_theta": [
            0.26291513925749294,
            0.3688610272799672,
            0.29508163291889844,
            0.3290364049717609,
            0.32596393281516156,
            0.2666665583338127,
            0.19957099585271332,
            0.2925476496546442,
            0.2035944268012425,
            0.2488475142572486,
            0.2553708230353877,
            0.21106750585163397
        ],
        "likelihood_curve": [
            -22131.206802435343,
            -22125.13357862711,
            -22126.228483794108,
            -22128.169129337613,
            -22125.76934093402,
            -22126.591082172323,
            -22128.39604997659,
            -22126.734523271865,
            -22127.42180803923,
            -22128.79421168134,
            -22128.023644965106,
            -22128.484088702175,
            -22129.45445746501,
            -22123.741129912014,
            -22120.135321658658,
            -22123.857724540445,
            -22123.65244842169,
            -22123.17147115664,
            -22122.458231972367,
            -22121.76656713091,
            -22120.767676402807,
            -22120.287678561373,
            -22119.879149171684,
            -22116.46597119617,
            -22118.326420321868,
            -22117.558001345977,
            -22116.63063111052,
            -22115.74996061749,
            -22111.167039577027,
            -22114.916885505743,
            -22113.666516016285,
            -22112.639735324618,
            -22111.681769335886,
            -22110.74450005516,
            -22105.509715366326,
            -22109.25844075756,
            -22107.869298120233,
            -22105.77023239448,
            -22105.550601169318,
            -22104.525903226706,
            -22098.49010158683,
            -22102.284522956455,
            -22100.372745230034,
            -22099.33242033443,
            -22098.225062318128,
            -22091.156422320524,
            -22095.635898383665,
            -22094.073632263153,
            -22091.895177052713,
            -22090.604265756956,
            -22082.1688866487,
            -22087.80588307391,
            -22087.137927027503,
            -22084.495207898504,
            -22081.280462015187,
            -22071.65611792035,
            -22079.30824001723,
            -22077.50513736046,
            -22075.315125857214,
            -22072.824206461337,
            -22071.73537919568,
            -22069.75116263806,
            -22062.16077291576,
            -22066.693562532815,
            -22064.46540054971,
            -22063.84835696963,
            -22061.65832898979,
            -22059.0427008735,
            -22059.854077356682,
            -22059.37942607359,
            -22058.891162246062,
            -22064.32531464987,
            -22058.870728218746,
            -22066.636142194864,
            -22059.274779609786,
            -22059.95395967904,
            -22062.094858969787,
            -22066.49377287421,
            -22066.68176745758,
            -22060.41289912086,
            -22067.730611893996,
            -22060.2165308319,
            -22066.06460614068,
            -22060.308608592226,
            -22066.600414334865,
            -22060.06257980007,
            -22064.441007991038,
            -22059.554128248154,
            -22061.84328262343,
            -22059.66738180095,
            -22061.47036219163,
            -22059.07910414631,
            -22060.085969962063,
            -22060.523588937438,
            -22059.111598059364,
            -22060.558262419083,
            -22059.068574276138,
            -22060.21837518813,
            -22059.150725636508,
            -22060.468068039114,
            -22059.03838016757,
            -22059.89511527449,
            -22059.097797504157,
            -22059.844621983808,
            -22059.036643125797,
            -22059.859309299667,
            -22058.990736605127,
            -22059.69659887626,
            -22058.950563737748,
            -22059.227924100513,
            -22058.928423263933,
            -22059.228374474125,
            -22058.905682823843,
            -22059.21075840212,
            -22058.886863162996,
            -22059.158918569876,
            -22058.892779123416,
            -22059.164162418998,
            -22058.881120573085,
            -22059.173923121132,
            -22058.87716535733,
            -22059.230007345912,
            -22058.86086145758,
            -22059.259372445526,
            -22058.861266393767,
            -22058.955498620144,
            -22059.022841312064,
            -22058.868583656993,
            -22059.007367536517,
            -22058.855614867778,
            -22058.933455357124,
            -22058.8526050197,
            -22059.00711811924,
            -22058.847034892373,
            -22058.983124653972,
            -22058.842179950432,
            -22058.98399177433,
            -22058.838150025542,
            -22059.01738217378,
            -22058.834835053734,
            -22058.851208095184,
            -22058.86341364059,
            -22058.874546215007,
            -22058.84114627688,
            -22058.86367440042,
            -22058.844720376186,
            -22058.89090532392,
            -22058.833440385377,
            -22058.857639211215,
            -22058.849551591084,
            -22058.887054350576,
            -22058.832263604556,
            -22058.893807231092,
            -22058.83093257191,
            -22058.87904157575,
            -22058.832078585918,
            -22058.903805485606,
            -22058.828645223915,
            -22058.823897898415,
            -22058.840055230543,
            -22058.847850508413,
            -22058.831530363077
        ]
    },
    "100": {
        "training_time": 34.728269815444946,
        "gen_model_likelihood": -220725.92866715055,
        "init_model_likelihood": -221455.6703993917,
        "trained_model_likelihood": -220727.3771970748,
        "trained_mse": 0.027593794311781255,
        "trained_theta": [
            0.2629753804414383,
            0.3696889485232624,
            0.2935974658796334,
            0.3281692491068244,
            0.32573904821956123,
            0.26760642464663253,
            0.20044375219122385,
            0.29178346838497743,
            0.2042410962266924,
            0.2501788075500241,
            0.2565518459932626,
            0.21086255673071966
        ],