{
    "gen_theta": [
        0.4,
        0.3,
        0.2,
        0.1,
        0.7,
        0.1,
        0.15,
        0.15,
        0.4,
        0.3,
        0.15,
        0.15
    ],
    "start_theta": [
        0.25,
        0.25,
        0.25,
        0.25,
        0.25,
        0.25,
        0.25,
        0.25,
        0.25,
        0.25,
        0.25,
        0.25
    ],
    "start_mse": 0.028333333333333335,
    "10": {
        "training_time": 24.196305990219116,
        "gen_model_likelihood": -22076.30281391712,
        "init_model_likelihood": -22137.068572274402,
        "trained_model_likelihood": -22076.080868100187,
        "trained_mse": 0.02754244271120825,
        "trained_theta": [
            0.25721151729672165,
            0.3559363876665992,
            0.2906213120055269,
            0.3302200958783104,
            0.3223207604366548,
            0.2647978826111028,
            0.19960686180673864,
            0.28718297516407776,
            0.20964276356634742,
            0.2513390434764319,
            0.256402894129196,
            0.2190873793528147
        ]
    },
    "100": {
        "training_time": 33.19582796096802,
        "gen_model_likelihood": -220657.76233286588,
        "init_model_likelihood": -221349.2531254421,
        "trained_model_likelihood": -220660.58654109284,
        "trained_mse": 0.027692127979269357,
        "trained_theta": [
            0.2581890949797766,
            0.36235794638520824,
            0.29179217967259985,
            0.3341140250781624,
            0.3254183521306011,
            0.2653389720387306,
            0.19699867820192923,
            0.2899287968659464,
            0.20615387164023719,
            0.25109363552569364,
            0.2563086949098296,
            0.21606425193551154
        ]
    }
}