{
    "gen_theta": [
        0.4,
        0.3,
        0.2,
        0.1,
        0.7,
        0.1,
        0.15,
        0.15,
        0.4,
        0.3,
        0.15,
        0.15
    ],
    "start_theta": [
        0.25,
        0.25,
        0.25,
        0.25,
        0.25,
        0.25,
        0.25,
        0.25,
        0.25,
        0.25,
        0.25,
        0.25
    ],
    "start_mse": 0.028333333333333335,
    "10": {
        "training_time": 37.294065952301025,
        "gen_model_likelihood": -22043.044323696984,
        "init_model_likelihood": -22127.70737191854,
        "trained_model_likelihood": -22042.237047437888,
        "trained_mse": 0.027765169189099565,
        "trained_theta": [
            0.25614583462211515,
            0.37696928742162006,
            0.29117676697490147,
            0.33303724524207207,
            0.3327897571288756,
            0.272895941537595,
            0.2033608622257015,
            0.29371231582014273,
            0.20719344995762357,
            0.2510872144021088,
            0.26084947095103883,
            0.2120706509601088
        ],
        "likelihood_curve": [
            -22127.70737191854,
            -22121.10112942113,
            -22122.29043936562,
            -22124.40106581383,
            -22121.78932499677,
            -22122.682746081064,
            -22124.64711113044,
            -22122.835501942143,
            -22123.583928779986,
            -22125.078925058715,
            -22124.235399833073,
            -22124.737573973493,
            -22125.79608261655,
            -22119.56915856182,
            -22115.624294489695,
            -22119.702131152295,
            -22119.47697261696,
            -22118.957456767104,
            -22118.173399845444,
            -22117.41660132449,
            -22116.33390552632,
            -22115.806150289325,
            -22115.360492018408,
            -22111.626122896883,
            -22113.658461342417,
            -22112.813500249824,
            -22111.79730600297,
            -22110.82506232,
            -22105.779370322827,
            -22109.916203807188,
            -22108.543804147983,
            -22107.408144042965,
            -22106.35892480666,
            -22105.32843442081,
            -22099.54835424858,
            -22103.678992160658,
            -22102.145641086005,
            -22099.841849881715,
            -22099.583731665763,
            -22098.450848471013,
            -22091.734458538205,
            -22095.961686274117,
            -22093.820646500415,
            -22092.669192571757,
            -22091.42936386777,
            -22083.48316781866,
            -22088.538209480193,
            -22086.776099761817,
            -22084.340079255115,
            -22082.8794574314,
            -22073.266732140906,
            -22079.708786441184,
            -22078.925374316506,
            -22075.922627924378,
            -22072.20916326349,
            -22060.861188491534,
            -22069.92785020872,
            -22067.844132332826,
            -22065.25915870772,
            -22062.287553872105,
            -22060.980125783775,
            -22058.585308849535,
            -22048.828049555457,
            -22054.766020493375,
            -22051.940577573296,
            -22051.085881990082,
            -22048.108908828875,
            -22042.328454400078,
            -22045.29874302875,
            -22044.370551824388,
            -22043.23254441866,
            -22042.5607128736,
            -22042.234761530715,
            -22049.85297466405,
            -22042.3373688001,
            -22043.37082901758,
            -22046.40809095498,
            -22046.53363106239,
            -22048.433920875996,
            -22054.16212954019,
            -22044.67909204398,
            -22051.523972954074,
            -22043.91531080377,
            -22049.44296672777,
            -22043.413613728746,
            -22048.343840875346,
            -22042.955446996915,
            -22049.0894421618,
            -22042.848399355524,
            -22044.35055205042,
            -22045.531621803213,
            -22042.832464645588,
            -22045.73234224691,
            -22042.719331989003,
            -22044.467769969608,
            -22042.707790150398,
            -22044.79130635455,
            -22042.60614312573,
            -22043.44835519972,
            -22042.506554303887,
            -22043.575319618783,
            -22042.46676218954,
            -22043.497082887327,
            -22042.468798486127,
            -22043.100849141723,
            -22042.389478191402,
            -22043.118486492906,
            -22042.352598098976,
            -22042.88409854101,
            -22042.389052310053,
            -22042.84203401838,
            -22042.352464709285,
            -22042.85064522432,
            -22042.334076521613,
            -22042.665810931197,
            -22042.326057233688,
            -22042.71374881035,
            -22042.30467915889,
            -22042.54614368694,
            -22042.29791530823,
            -22042.548554633027,
            -22042.28790003248,
            -22042.512651673394,
            -22042.286831733505,
            -22042.43640006031,
            -22042.269497007488,
            -22042.419305091906,
            -22042.273301303685,
            -22042.396688907687,
            -22042.261045875977,
            -22042.370658699754,
            -22042.265251503573,
            -22042.39802481235,
            -22042.25705864236,
            -22042.394945344236,
            -22042.255338765764,
            -22042.269419091474,
            -22042.36261833532,
            -22042.253649514656,
            -22042.368696094567,
            -22042.24569311525,
            -22042.276435133055,
            -22042.29180763335,
            -22042.24665744569,
            -22042.29710361095,
            -22042.245202514994,
            -22042.297163415304,
            -22042.242112634296,
            -22042.284422831995,
            -22042.242315138505,
            -22042.256850018937,
            -22042.349705178127,
            -22042.233499335165,
            -22042.248235424235,
            -22042.258558192116,
            -22042.238601140805,
            -22042.274319982185,
            -22042.236772597247,
            -22042.258941243246,
            -22042.238306099167,
            -22042.263473766452,
            -22042.237047437888
        ]
    },
    "100": {
        "training_time": 52.80321550369263,
        "gen_model_likelihood": -220639.75725998593,
        "init_model_likelihood": -221390.8896660637,
        "trained_model_likelihood": -220638.2774321368,
        "trained_mse": 0.027151774932305545,
        "trained_theta": [
            0.27057676480807014,
            0.3811129750224158,
            0.2966416562263161,
            0.3282335220017225,
            0.32808641099969393,
            0.2652601135707613,
            0.17433200685268047,
            0.2938749725948413,
            0.20539540019149616,
            0.2495956477104383,
            0.2556623820046853,
            0.20062307078043362
        ],