{
    "gen_theta": [
        0.4,
        0.3,
        0.2,
        0.1,
        0.7,
        0.1,
        0.15,
        0.15,
        0.4,
        0.3,
        0.15,
        0.15
    ],
    "start_theta": [
        0.25,
        0.25,
        0.25,
        0.25,
        0.25,
        0.25,
        0.25,
        0.25,
        0.25,
        0.25,
        0.25,
        0.25
    ],
    "start_mse": 0.028333333333333335,
    "10": {
        "training_time": 208.03914046287537,
        "gen_model_likelihood": -22040.26760865178,
        "init_model_likelihood": -22116.030470025948,
        "trained_model_likelihood": -22039.79455736423,
        "trained_mse": 0.054513963769357486,
        "trained_theta": [
            0.19666496541495937,
            0.6000652906097772,
            0.20326774570840012,
            0.40382675349264496,
            0.27970638217551325,
            3.219995563511402e-08,
            0.3395985549705993,
            0.22094251683083244,
            0.004440964728015619,
            0.4409100378018631,
            0.07503142103052082,
            0.005459944799379751
        ]
    },
    "100": {
        "training_time": 251.37086248397827,
        "gen_model_likelihood": -220704.56739819594,
        "init_model_likelihood": -221409.51992731582,
        "trained_model_likelihood": -220703.46448259708,
        "trained_mse": 0.030978439806795228,
        "trained_theta": [
            0.25742351433654187,
            0.40850674420794975,
            0.33406961816909353,
            0.32740228221642353,
            0.3636476678883276,
            0.27758629189092066,
            2.717736911750132e-07,
            0.3694424424312821,
            0.431283026017817,
            0.1038658630602691,
            0.2704801977952068,
            0.12419965965052618
        ]
    },
    "1000": {
        "training_time": 2394.3080275058746,
        "gen_model_likelihood": -2206884.1004729182,
        "init_model_likelihood": -2214117.4016889897,
        "trained_model_likelihood": -2206883.1543687023,
        "trained_mse": 0.04281025930880634,
        "trained_theta": [
            0.4027089933588066,
            0.16313027384753825,
            0.3688053326939948,
            0.3609764530875861,
            0.24654597178245974,
            0.3682617646441758,
            0.2803323063028039,
            0.3088256983719603,
            0.1794093094488612,
            0.14414878692196176,
            0.1450858321287476,
            0.2248829532246152
        ]
    }
}