{
    "gen_theta": [
        0.4,
        0.3,
        0.2,
        0.1,
        0.7,
        0.1,
        0.15,
        0.15,
        0.4,
        0.3,
        0.15,
        0.15
    ],
    "start_theta": [
        0.35766901,
        0.19469946,
        0.33753688,
        0.1457671,
        0.5914749,
        0.175172,
        0.29928881,
        0.11701788,
        0.31136717,
        0.21261512,
        0.1400294,
        0.11754035
    ],
    "10": {
        "training_time": 3.2730515003204346,
        "gen_model_likelihood": -22000.191377405772,
        "init_model_likelihood": -22007.017381172227,
        "trained_model_likelihood": -21999.49812122378,
        "trained_theta": [
            0.42337689741230955,
            0.18380608151636146,
            0.314951602371763,
            0.12473349921435761,
            0.6744356502225219,
            0.14654090846013346,
            0.2813422404019017,
            0.09055633370010963,
            0.2770845046479531,
            0.3046007178797162,
            0.12120083167611068,
            0.14865745607940622
        ]
    },
    "100": {
        "training_time": 14.317660093307495,
        "gen_model_likelihood": -219944.6505034181,
        "init_model_likelihood": -219997.34467892494,
        "trained_model_likelihood": -219943.41947757357,
        "trained_theta": [
            0.45922231027850313,
            0.15554270889536803,
            0.2712288533288971,
            0.14390758139085752,
            0.6468101978149221,
            0.13312624188680683,
            0.17983014123867624,
            0.11725776633826324,
            0.2713010390215411,
            0.28090049844147313,
            0.2247773003533119,
            0.1167956222377407
        ]
    },
    "1000": {
        "training_time": 118.10455322265625,
        "gen_model_likelihood": -2198558.2409831295,
        "init_model_likelihood": -2198979.9800252565,
        "trained_model_likelihood": -2198563.2774928506,
        "trained_theta": [
            0.3754293099657666,
            0.19870799768533048,
            0.3195979723353093,
            0.13140428007648958,
            0.6560908265433913,
            0.16299666418688474,
            0.28907948125813065,
            0.11591356074832154,
            0.30420857224588915,
            0.26341986441725396,
            0.1508544039081619,
            0.11502259339322529
        ]
    }
}