{
    "gen_theta": [
        0.4,
        0.3,
        0.2,
        0.1,
        0.7,
        0.1,
        0.15,
        0.15,
        0.4,
        0.3,
        0.15,
        0.15
    ],
    "start_theta": [
        0.35766901,
        0.19469946,
        0.33753688,
        0.1457671,
        0.5914749,
        0.175172,
        0.29928881,
        0.11701788,
        0.31136717,
        0.21261512,
        0.1400294,
        0.11754035
    ],
    "start_mse": 0.007611630894586863,
    "10": {
        "training_time": 72.41690993309021,
        "gen_model_likelihood": -22071.147063555214,
        "init_model_likelihood": -22094.213074468407,
        "trained_model_likelihood": -22070.875593390214,
        "trained_mse": 0.015256887974403712,
        "trained_theta": [
            0.3060239953042465,
            0.23758901438424185,
            0.41410480233919866,
            0.12050596322930363,
            0.5718373342965428,
            0.1682695438400763,
            0.45112008026720885,
            0.11348420235574974,
            0.34204696563087333,
            0.25224767187304376,
            0.12564807783959409,
            0.08093688875416527
        ]
    },
    "100": {
        "training_time": 56.95705318450928,
        "gen_model_likelihood": -220650.46103340804,
        "init_model_likelihood": -220837.85190611042,
        "trained_model_likelihood": -220650.40258713276,
        "trained_mse": 0.007665919235869866,
        "trained_theta": [
            0.39183901873922555,
            0.21221210892157666,
            0.37465417008984336,
            0.0993684389013213,
            0.6543032692484139,
            0.17670055129620588,
            0.32129626405809264,
            0.12219691050426532,
            0.31691397974601543,
            0.2151132359116823,
            0.1383663163176389,
            0.1128212737608682
        ]
    },
    "1000": {
        "training_time": 234.39042782783508,
        "gen_model_likelihood": -2207153.911266848,
        "init_model_likelihood": -2209074.0844585705,
        "trained_model_likelihood": -2207158.5713748457,
        "trained_mse": 0.008214764454057801,
        "trained_theta": [
            0.4103051819874435,
            0.21413333419454572,
            0.3743281628219197,
            0.0995757200957014,
            0.6276197958493667,
            0.17411777671151074,
            0.33316432213196745,
            0.12245598209915046,
            0.31853853495694917,
            0.21492861318428141,
            0.1358158414077802,
            0.11008857417177967
        ]
    }
}