{
    "gen_transition_matrix": [
        [
            0.4,
            0.3,
            0.2,
            0.1
        ],
        [
            0.1,
            0.7,
            0.1,
            0.1
        ],
        [
            0.15,
            0.15,
            0.4,
            0.3
        ],
        [
            0.3,
            0.15,
            0.15,
            0.4
        ]
    ],
    "start_transition_matrix": [
        [
            0.35766901,
            0.19469946,
            0.33753688,
            0.11009465
        ],
        [
            0.1457671,
            0.5914749,
            0.175172,
            0.087586
        ],
        [
            0.29928881,
            0.11701788,
            0.31136717,
            0.27232615
        ],
        [
            0.21261512,
            0.1400294,
            0.11754035,
            0.52981513
        ]
    ],
    "10": {
        "training_time": 0.6382694244384766,
        "gen_model_likelihood": 15169.293882688713,
        "init_model_likelihood": 15169.218243742644,
        "trained_model_likelihood": 15169.218668138723,
        "trained_theta": 