{
    "gen_theta": [
        0.2,
        0.05,
        0.2
    ],
    "start_theta": [
        0.1,
        0.1,
        0.1
    ],
    "start_mse": 0.007500000000000002,
    "10": {
        "training_time": 10.129811763763428,
        "gen_model_likelihood": -18147.386808580108,
        "init_model_likelihood": -20836.70535696626,
        "trained_model_likelihood": -18146.3711382621,
        "trained_mse": 0.0009175232093208485,
        "trained_theta": [
            0.21990098929713645,
            0.05756089035549046,
            0.24795157129844714
        ],
        "likelihood_curve": [
            -20836.70535696626,
            -20936.550864410892,
            -21102.32292086192,
            -20666.13785367789,
            -20522.940044449027,
            -20227.064831409167,
            -20211.484569362095,
            -19839.263502277805,
            -19666.668139123096,
            -19123.178731507986,
            -18860.28170356729,
            -18294.418998214293,
            -18243.670769987188,
            -18271.10876750624,
            -18225.880360779745,
            -19565.989442344682,
            -18680.144695228206,
            -18250.68675721556,
            -18403.845633681573,
            -18187.850442477407,
            -18324.809329166,
            -18186.458595231274,
            -18372.650714411055,
            -18184.243699112056,
            -18273.82820503001,
            -18182.560128275876,
            -18214.02259629138,
            -18175.21070126211,
            -18192.427971477115,
            -18176.69235083125,
            -18199.420888346955,
            -18175.632335960887,
            -18187.65036334062,
            -18175.715826148815,
            -18178.02718367079,
            -18174.57988007904,
            -18180.72194490527,
            -18174.140900906885,
            -18173.545057391573,
            -18174.76332830067,
            -18180.245767878347,
            -18173.705456567503,
            -18172.817110463144,
            -18172.310949183946,
            -18172.041301298097,
            -18171.598922235313,
            -18170.4466863773,
            -18169.089715464863,
            -18170.54971306148,
            -18167.688986503454,
            -18165.703123107225,
            -18164.44979908158,
            -18161.816187480963,
            -18163.60896589127,
            -18159.264270667776,
            -18160.77531164749,
            -18166.329372513046,
            -18162.62616171771,
            -18161.23743879317,
            -18158.463716791288,
            -18158.05220866588,
            -18157.87046566252,
            -18161.180986955595,
            -18166.24132723963,
            -18158.809419424048,
            -18157.908325498604,
            -18161.58710206374,
            -18157.8971917328,
            -18158.489237813927,
            -18157.747948538243,
            -18158.400158263554,
            -18157.723151516177,
            -18158.50167767227,
            -18157.72618986709,
            -18157.667859334746,
            -18157.780915216532,
            -18157.84352114101,
            -18157.680887417384,
            -18157.611506159956,
            -18157.595590002933,
            -18157.59016377105,
            -18157.664065706318,
            -18157.504070779112,
            -18157.472709025322,
            -18157.377493939595,
            -18157.314512131918,
            -18157.30393713981,
            -18157.320600709303,
            -18157.18509460362,
            -18157.211200201094,
            -18157.00767414508,
            -18156.913239869013,
            -18156.862779677493,
            -18156.79227073076,
            -18156.653928362855,
            -18156.686487419007,
            -18156.148767998544,
            -18155.69675950598,
            -18156.022100172006,
            -18155.730028595928,
            -18154.769490694744,
            -18153.968130326663,
            -18154.990579836085,
            -18153.8510123876,
            -18153.200999876437,
            -18152.23528904842,
            -18150.941779749857,
            -18151.364535061413,
            -18149.885769386547,
            -18148.556601080414,
            -18148.40245055255,
            -18148.75851608129,
            -18147.933482959827,
            -18147.969487472863,
            -18147.650294518822,
            -18150.21807545198,
            -18148.19716121754,
            -18148.037461322183,
            -18147.127135028066,
            -18147.334360868295,
            -18148.434673196505,
            -18147.433566795247,
            -18148.09565420435,
            -18147.413770265637,
            -18147.920022496026,
            -18147.333634387207,
            -18147.374852941357,
            -18146.984505474145,
            -18146.83190827453,
            -18147.140130789972,
            -18146.7117500512,
            -18146.680624174147,
            -18147.3893631188,
            -18146.854450340357,
            -18146.47577906861,
            -18146.39073497715,
            -18146.545169624776,
            -18146.612286670097,
            -18146.607312267,
            -18146.50450059015,
            -18146.816096750612,
            -18146.445874687786,
            -18146.616518226572,
            -18146.430973256352,
            -18146.447569942975,
            -18146.399053824105,
            -18146.42322603145,
            -18146.411376376753,
            -18146.391147956947,
            -18146.440689060346,
            -18146.37940233497,
            -18146.4733585056,
            -18146.373237068863,
            -18146.407664855265,
            -18146.376560191547,
            -18146.38945239884,
            -18146.376613805205,
            -18146.389271587468,
            -18146.373456030782,
            -18146.37400868048,
            -18146.373373055463,
            -18146.377927144433,
            -18146.371529398602,
            -18146.378803444906,
            -18146.371366152125,
            -18146.37354657412,
            -18146.3716934051,
            -18146.37444780832,
            -18146.37153732324,
            -18146.37181869523,
            -18146.3712487591,
            -18146.372305504767,
            -18146.371167140365,
            -18146.371865116187,
            -18146.371198597928,
            -18146.371653738657,
            -18146.371164261993,
            -18146.371235941657,
            -18146.371149747603,
            -18146.371215321746,
            -18146.3711382621
        ]
    },
    "100": {
        "training_time": 31.873310327529907,
        "gen_model_likelihood": -182401.24728489606,
        "init_model_likelihood": -208582.49104907026,
        "trained_model_likelihood": -182399.1182538502,
        "trained_mse": 0.00011609988624304178,
        "trained_theta": [
            0.20574738440346452,
            0.05354367276804042,
            0.21739855208231385
        ],