{
    "gen_theta": [
        0.2,
        0.05,
        0.2
    ],
    "start_theta": [
        0.1,
        0.1,
        0.1
    ],
    "start_mse": 0.007500000000000002,
    "10": {
        "training_time": 1.1941165924072266,
        "gen_model_likelihood": -18205.021298960703,
        "init_model_likelihood": -20848.334448391426,
        "trained_model_likelihood": -18246.28568792098,
        "trained_mse": 0.005075308641975299,
        "trained_theta": [
            0.09777777777777785,
            0.05555555555555561,
            0.13111111111111123
        ]
    },
    "100": {
        "training_time": 3.7996304035186768,
        "gen_model_likelihood": -182308.69869441548,
        "init_model_likelihood": -208564.6782880865,
        "trained_model_likelihood": -182706.6450014446,
        "trained_mse": 0.005075308641975299,
        "trained_theta": [
            0.09777777777777785,
            0.05555555555555561,
            0.13111111111111123
        ]
    },
    "1000": {
        "training_time": 19.593769073486328,
        "gen_model_likelihood": -1820878.14861595,
        "init_model_likelihood": -2085086.3754723135,
        "trained_model_likelihood": -1824643.542423659,
        "trained_mse": 0.005075308641975299,
        "trained_theta": [
            0.09777777777777785,
            0.05555555555555561,
            0.13111111111111123
        ]
    }
}