{
    "gen_theta": [
        0.2,
        0.05,
        0.2
    ],
    "start_theta": [
        0.1,
        0.1,
        0.1
    ],
    "start_mse": 0.007500000000000002,
    "10": {
        "training_time": 1.5583031177520752,
        "gen_model_likelihood": -18308.953085327852,
        "init_model_likelihood": -20873.66817272841,
        "trained_model_likelihood": -18348.5820761401,
        "trained_mse": 0.005075308641975299,
        "trained_theta": [
            0.09777777777777785,
            0.05555555555555561,
            0.13111111111111123
        ],
        "likelihood_curve": [
            -20873.66817272841,
            -20970.810100279054,
            -21133.28299750455,
            -20707.868340235767,
            -20567.670817436694,
            -20279.601968412724,
            -20265.32683791444,
            -19904.75138492034,
            -19737.639643417475,
            -19214.959821376084,
            -18963.087433617544,
            -18431.297431124793,
            -18387.736453184167,
            -18442.22075000683,
            -18394.245850191,
            -18872.515762731702,
            -18420.49937179188,
            -18583.638522902194,
            -18338.026826377038,
            -18460.72280115068,
            -18348.5820761401
        ]
    },
    "100": {
        "training_time": 4.335175514221191,
        "gen_model_likelihood": -182171.70694052335,
        "init_model_likelihood": -208530.74914962237,
        "trained_model_likelihood": -182549.21090561312,
        "trained_mse": 0.005075308641975299,
        "trained_theta": [
            0.09777777777777785,
            0.05555555555555561,
            0.13111111111111123
        ],
        "likelihood_curve": [
            -208530.74914962237,
            -209516.79509997083,
            -211158.5013730696,
            -206846.24840341762,
            -205429.01653083946,
            -202506.30769165794,
            -202355.492776133,
            -198685.36146376727,
            -196983.63767702016,
            -191638.59858833646,
            -189057.755223728,
            -183536.29505470517,
            -183052.02027847155,
            -183422.9816079816,
            -182968.12553095643,
            -196677.75442374512,
            -187612.95944432434,
            -183221.43786295888,
            -184786.9011934079,
            -182519.08107239453,
            -183833.29265535975,
            -182549.21090561312
        ]
    },
    "1000": {
        "training_time": 41.38999080657959,
        "gen_model_likelihood": -1821694.2003285093,
        "init_model_likelihood": -2085273.0019496514,
        "trained_model_likelihood": -1825315.801479558,
        "trained_mse": 0.005075308641975299,
        "trained_theta": [
            0.09777777777777785,
            0.05555555555555561,
            0.13111111111111123
        ],
        "likelihood_curve": [
            -2085273.0019496514,
            -2095137.4558104326,
            -2111557.441956946,
            -2068425.6017497324,
            -2054249.7099444084,
            -2025015.9646134395,
            -2023506.1447044986,
            -1986795.2295546187,
            -1969777.483027902,
            -1916317.9559102494,
            -1890499.5601027221,
            -1835257.1201056354,
            -1830402.106175975,
            -1834017.224195835,
            -1829493.6345834762,
            -1966393.9750221733,
            -1875830.959929565,
            -1832007.6817341421,
            -1847629.8083602241,
            -1825053.7148674189,
            -1838237.161879598,
            -1825315.801479558
        ]
    }
}