{
    "gen_theta": [
        0.2,
        0.05,
        0.2
    ],
    "start_theta": [
        0.195,
        0.05,
        0.295
    ],
    "start_mse": 0.0030166666666666653,
    "10": {
        "training_time": 6.9113500118255615,
        "gen_model_likelihood": -11512.73781203216,
        "init_model_likelihood": -11528.471686605457,
        "trained_model_likelihood": -11512.42617946747,
        "trained_mse": 0.0025528044501894856,
        "trained_theta": [
            0.14549173572827656,
            0.05029032213046357,
            0.13153703052223797
        ]
    },
    "100": {
        "training_time": 24.633986234664917,
        "gen_model_likelihood": -114838.81147396738,
        "init_model_likelihood": -114958.79023963789,
        "trained_model_likelihood": -114837.9032079085,
        "trained_mse": 0.018575259857959565,
        "trained_theta": [
            0.20630730675371878,
            0.07460834271824102,
            0.4346921961294299
        ]
    },
    "1000": {
        "training_time": 177.8312578201294,
        "gen_model_likelihood": -1147534.8494539545,
        "init_model_likelihood": -1148631.890976473,
        "trained_model_likelihood": -1147531.7494421394,
        "trained_mse": 0.0018946560445406956,
        "trained_theta": [
            0.2724794117399813,
            0.04827152710259036,
            0.2206812811230656
        ]
    }
}