{
    "gen_theta": [
        2.695521980706289,
        0.7745079432556772,
        0.5643181270823177,
        4.557578440650732,
        1.8583547652274466,
        5.5901918743075365
    ],
    "start_theta": [
        3.141592653589793,
        3.141592653589793,
        3.141592653589793,
        3.141592653589793,
        3.141592653589793,
        3.141592653589793
    ],
    "start_mse": 3.681961071179234,
    "4": {
        "training_time": 0.07525515556335449,
        "gen_model_likelihood": -7.880700209359018,
        "init_model_likelihood": -297.7385588142772,
        "trained_model_likelihood": -223.07484642773937,
        "trained_mse": 3.665702685712223,
        "trained_theta": [
            2.9651204736659214,
            3.331639616584729,
            2.9651204736659214,
            3.2443731539850145,
            2.9447582990593233,
            2.9990574313435907
        ]
    }
}