{
    "gen_theta": [
        1.9533667986635173,
        3.400116584386469,
        6.081930044064477,
        1.8771820688092402,
        6.15549208862139,
        0.5644832582779806
    ],
    "start_theta": [
        3.141592653589793,
        3.141592653589793,
        3.141592653589793,
        3.141592653589793,
        3.141592653589793,
        3.141592653589793
    ],
    "start_mse": 4.574686006954436,
    "4": {
        "training_time": 7.213000059127808,
        "gen_model_likelihood": -4.974470167244578,
        "init_model_likelihood": -297.7385588142772,
        "trained_model_likelihood": -12.841288417683765,
        "trained_mse": 4.740443711037592,
        "trained_theta": [
            3.106686068549907,
            3.351032163829114,
            3.351032163829114,
            3.167772592369708,
            2.9583330821303893,
            3.351032163829114
        ]
    }
}