{
    "gen_theta": [
        11.186858792103337,
        9.916613484104658,
        7.850753093358733,
        10.604833821224627,
        9.85165223682115,
        9.64639315849208
    ],
    "start_theta": [
        9.42477796076938,
        9.42477796076938,
        9.42477796076938,
        9.42477796076938,
        9.42477796076938,
        9.42477796076938
    ],
    "start_mse": 1.2413753497678883,
    "100": {
        "training_time": 405.84938645362854,
        "gen_model_likelihood": -343.64375555568756,
        "init_model_likelihood": -Infinity,
        "trained_model_likelihood": -137.5874340574205,
        "trained_mse": 2.13350560977076,
        "trained_theta": [
            9.104194811603675,
            10.710689309189771,
            9.561751867349678,
            9.509951971678493,
            9.363544069378031,
            7.78401421349176
        ]
    }
}