{
    "gen_theta": [
        7.020971455928889,
        10.098299141832705,
        10.222901949264662,
        8.632714176897894,
        6.802548975937182,
        12.221772225364118
    ],
    "start_theta": [
        9.42477796076938,
        9.42477796076938,
        9.42477796076938,
        9.42477796076938,
        9.42477796076938,
        9.42477796076938
    ],
    "start_mse": 3.6992575329761306,
    "100": {
        "training_time": 540.9473969936371,
        "gen_model_likelihood": -98.95332645461706,
        "init_model_likelihood": -Infinity,
        "trained_model_likelihood": -138.72586453579817,
        "trained_mse": 5.217616471497167,
        "trained_theta": [
            9.064679172882613,
            10.819196261219435,
            9.63947575774582,
            9.562567572674018,
            9.372642417590605,
            7.886005720755018
        ],
        "likelihood_curve": [
            -Infinity,
            -Infinity,
            -Infinity,
            -Infinity,
            -Infinity,
            -Infinity,
            -Infinity,
            -260.55179564959496,
            -205.08598534289393,
            -260.3491643747581,
            -251.05926652335816,
            -280.21628406020824,
            -187.3073673328425,
            -148.6254913214286,
            -159.1679065176061,
            -168.1100295215304,
            -182.30072174859728,
            -189.76946105900433,
            -159.86910230899176,
            -174.46265989534896,
            -187.57418252443736,
            -169.33454001976904,
            -153.3512027551346,
            -213.71614965121827,
            -163.00988257318494,
            -146.2742944897503,
            -166.25270252286262,
            -134.54768682948128,
            -141.87798702072627,
            -162.59236633406798,
            -146.34415107331333,
            -151.87431069022378,
            -143.36681697193723,
            -153.3369558717661,
            -149.20909161413022,
            -167.45511031664762,
            -168.57991379933816,
            -138.53141653247295,
            -138.5435598764184,
            -143.04064082642913,
            -139.07260140883074,
            -135.80828517063836,
            -134.30454073600225,
            -134.51383583208047,
            -136.0521537489051,
            -137.6433555623152,
            -133.17561623475845,
            -146.35370937772993,
            -145.1142810955652,
            -136.6776852022013,
            -133.56820680464355,
            -137.7128205435219,
            -135.98637004945908,
            -134.15714982533595,
            -134.53752178809722,
            -140.29004074977004,
            -135.31293125653823,
            -138.49479754481217,
            -140.4995518045169,
            -142.06492993182115,
            -138.43551252818386,
            -135.1136314827917,
            -134.7953503687369,
            -134.71317872944994,
            -134.82962960675954,
            -136.63695409727205,
            -134.98912478262878,
            -139.2515661720018,
            -135.69773725015278,
            -133.20922423294982,
            -133.85919648882884,
            -132.38102946181866,
            -138.7800938121711,
            -138.36173912235114,
            -135.43628653093955,
            -139.72476096378037,
            -135.5154784788409,
            -134.6577937859779,
            -136.8328320053289,
            -133.06558068154038,
            -133.94333727849659,
            -134.76413487029765,
            -134.38499046555603,
            -134.0890884418757,
            -137.54519026167912,
            -133.81530720951488,
            -137.18619420950404,
            -135.38373248730386,
            -132.64298522707168,
            -134.010793413552,
            -137.7442378203808,
            -133.14768943844916,
            -138.2584634176281,
            -135.59268853504992,
            -137.74785435241984,
            -134.51354897223626,
            -132.76856348052738,
            -133.97009993513592,
            -134.22801411909236,
            -137.03868607344458,
            -135.04565850277817,
            -135.78989608376443,
            -135.3723434234646,
            -135.6661294574905,
            -132.52817743282276,
            -134.36333674794284,
            -133.72510910448227,
            -135.60444324105666,
            -133.93781148848373,
            -136.26876194539557,
            -134.61151887602972,
            -136.90222165561244,
            -134.41022828828437,
            -135.51056230007217,
            -137.05001670296144,
            -133.0167065458875,
            -133.0707587395956,
            -133.01269687924207,
            -139.3913109594125,
            -134.6800837608319,
            -133.43721279727592,
            -136.4362989856232,
            -139.68089705079018,
            -132.85628113539772,
            -136.0136524434689,
            -136.6879976206033,
            -139.3978482758191,
            -133.95070044836334,
            -134.62328973999956,
            -132.0846973779066,
            -139.40193545184317,
            -135.95810441922995,
            -133.06929754421898,
            -133.989875796395,
            -136.5714467230847,
            -135.0126265307519,
            -133.3564974558439,
            -138.63466103992278,
            -132.95757756630584,
            -132.712643509614,
            -133.80155985106347,
            -135.15479136861347,
            -134.79457485863514,
            -133.790667786983,
            -134.948294469675,
            -133.76195356109162,
            -132.52726227129864,
            -134.45510685711739,
            -135.6874846495017,
            -133.5966820515662,
            -134.549054949738,
            -134.63640977556193,
            -139.1403809022224,
            -132.51702260950597,
            -137.6667142676996,
            -134.08181371814285,
            -137.1018515914234,
            -137.64818359971613,
            -133.30826248681242,
            -134.82699637313078,
            -133.23597608696653,
            -138.0652585860172,
            -133.6878930617701,
            -136.37199405058908,
            -136.12280298655887,
            -140.23383846896488,
            -132.39070665280877,
            -132.60112967413684,
            -132.74881731940772,
            -139.05628275255557,
            -133.86238326288725,
            -134.90476716701716,
            -134.12928776785583,
            -133.77766862942445,
            -133.5551430008671,
            -132.63722649886992,
            -134.87072373961328,
            -138.3802578125908,
            -134.05793855967227,
            -137.415453967206,
            -133.23947818884182,
            -132.48948882055785,
            -133.3842328598581,
            -132.74865534810274,
            -137.4554721587445,
            -134.60600523674955,
            -139.3596417092125,
            -133.21075439280293,
            -135.96321274010205,
            -135.743328144511,
            -138.6991200701182,
            -133.23250746928736,
            -134.1370650416903,
            -136.4083832649588,
            -135.6094639186983,
            -136.6206793763734,
            -136.66798508432166,
            -135.33090878957427,
            -132.22260163988022,
            -136.58633034034668,
            -135.9519527066036,
            -132.32784325815206,
            -134.73873058290823,
            -137.0212809897508,
            -134.41852154165696,
            -138.66508235133384,
            -136.4844730805227,
            -137.7166649262771,
            -136.88938947980532,
            -132.77648318072548,
            -135.76885689973335,
            -133.2256513329809,
            -132.66865654701436,
            -133.75692198602428,
            -133.17947360807457,
            -132.52597219438863,
            -135.39178729062894,
            -137.33186459862694,
            -133.0091112476847,
