{
    "gen_theta": [
        8.24822753591134,
        12.009322414741359,
        12.007989457580287,
        10.682657623302383,
        10.957009248440924,
        7.774103553592807
    ],
    "start_theta": [
        9.42477796076938,
        9.42477796076938,
        9.42477796076938,
        9.42477796076938,
        9.42477796076938,
        9.42477796076938
    ],
    "start_mse": 3.5653070894814114,
    "4": {
        "training_time": 134.01507210731506,
        "gen_model_likelihood": -7.1176324690431905,
        "init_model_likelihood": -216.48317269573073,
        "trained_model_likelihood": -4.340687355689732,
        "trained_mse": 2.327785958401472,
        "trained_theta": [
            8.145068316316205,
            10.993035670069133,
            10.071609804273303,
            8.612465260719949,
            10.033511773032771,
            9.78286561304727
        ]
    }
}