{
    "gen_theta": [
        3.2531036499496633,
        4.324150134662939,
        5.582263901253232,
        4.361236763100014,
        3.2123391990944103,
        0.7485280308272442
    ],
    "start_theta": [
        3.141592653589793,
        3.141592653589793,
        3.141592653589793,
        3.141592653589793,
        3.141592653589793,
        3.141592653589793
    ],
    "start_mse": 2.4311746923006203,
    "4": {
        "training_time": 61.64605236053467,
        "gen_model_likelihood": -4.801205941247189,
        "init_model_likelihood": -297.7385588142772,
        "trained_model_likelihood": -17.28221778047521,
        "trained_mse": 2.2511957173651003,
        "trained_theta": [
            3.455751918948774,
            3.374303220522373,
            3.5168384427685755,
            3.0485084268167615,
            3.0485084268167633,
            3.3073989325292565
        ]
    }
}